{
  "Dashboards": "Dashboards",
  "AboutUs": "About Us",
  "AbouttheInnovationCenter": "About the Innovation Center",
  "Edit": "Edit",
  "Details": "Details",
  "Membership": "Membership",
  "Awards": "Awards",
  "Credits": "Credits",
  "Partners": "Partners",
  "Archives": "Archives",
  "Agenda": "Agenda",
  "InnvationConsulting": "Innovation Consulting",
  "ConsultingRequest": "ConsultingRequest",
  "Idea": "Idea",
  "FutureFocused": "FutureFocused",
  "InnovationPossibilites": "Innovation Possiblities",
  "CreativeSupport": "Creative Support",
  "IntellectualProperties": "Intellectual Properties",
  "Knowledge": "Knowledge",
  "ResearchCenter": "Research Center",
  "Settings": "Settings",
  "Users": "Users",
  "MyThourghts": "My Thourghts",
  "SubmitYourIdea": "Submit Your Idea",
  "TargetComplete": "Target Complete",
  "IdeaTools": "Idea Tools",
  "IdeaPionners": "Idea Pionners",
  "IdeaJurney": "Idea Jurney",
  "DubaiResidency": "Dubai Residency",
  "ChallengeEstablished": "Challenge Established",
  "InnovativeEntrepreneureship": "Innovative Entrepreneureship",
  "DiplomaInCreativeSupport": "Diploma In Creative Support",
  "InnovationPioneersClub": "Innovation Pioneers Club",
  "OverViewofIntellectualProperty": "Overview of Intellectual Property",
  "TypesofIntellectualProperty": "Types of Intellectual Property",
  "RegisteredPropertiesList": "Registered Properties List",
  "ResearchCenterAndSutdies": "Research Center And Sutdies",
  "InnovationBrief": "Innovation Brief",
  "Version": "Version",
  "Goverment01": "Goverment 01",
  "Presentations": "Presentations"
}
