{
  "AbouttheInnovationCenter": "About the Innovation Center",
  "AboutCenter": "AboutCenter",
  "OrganizationStracture": "Organization Stracture",
  "MessageFromTheDirector": "Message From the Director",
  "OurStrategyAndInstitutionalValues": "Our Strategy And Institutional Values",
  "AboutCenterEn": "AboutCenter En",
  "AboutCenterAr": "AboutCenter Ar",
  "OrganizationStructureEn": "Organization Structure En",
  "OrganizationStructureAr": "Organization Structure Ar",
  "StrategyEn": "Strategy En",
  "StrategyAr": "Strategy Ar",
  "OurVisionEn": "Our Vision En",
  "OurVisionAr": "Our Vision Ar",
  "OurMissionEn": "Our Mission En",
  "OurMissionAr": "Our Mission Ar",
  "OurGolas": "Our Goals",
  "OurGolasEn": "Our Golas En",
  "OurGolasAr": "Our Golas Ar"
}
