{
  "Sign in to continue": "تسجيل دخول للمتابعه",
  "To begin the application, kindly enter your username and password": "لبدء التطبيق يرجى ادخال اسم المستخدم و كلمه السر الخاصه بك",
  "Username": "اسم المستخدم",
  "Password": "كلمة السر",
  "EnterUserName": "ادخل اسم المستخدم",
  "EnterPassword": "ادخل الرقم السري",
  "Sign In": "تسجيل دخول",
  "Loading...": "تحميل..."
}
