{
  "Actions": "حدث",
  "Add New": "اضافه",
  "Select Department": "اختيار قسم",
  "Select Operation": "اختيار معامله",
  "Welcome": "مرحبا",
  "Settings": "اعدادات",
  "LogOut": "تسجيل خروج",
  "Home": "الرئيسيه",
  "Attachment": "مرفقات",
  "Save": "حفظ",
  "Submit": "تسليم",
  "ENG": "ENG",
  "Request": "طلب",
  "Close": "يغلق",
  "Update": "تحديث",
  "Loading...": "تحميل...",
  "Innovation": "Innovation"
}
