{
  "Add Contact Information": "Add Contact Information",
  "TollFreeNumber": "Toll Free Number",
  "TwitterUrl": "Twitter Url",
  "InstagramUrl": "Instagram Url",
  "FacbookUrl": "Facbook Url",
  "SubmitSuggestionUrl": "Submit Suggestion Url",
  "AmirChatUrl": "Amir Chat Url",
  "ContactGeneralManagerUrl": "Contact General Manager Url",
  "InstantVideoCallUrl": "Instant Video Call Url",
  "Email": "Email",
  "InternationalPhoneNumber": "International Phone Number",
  "PostalAddress": "PostalAdddress",
  "HeadquaterLocation": "Headquater Location"
}
