{
  "AbouttheInnovationCenter": "About the Innovation Center ",
  "AbouttheCenterEn": "About the Center En",
  "AbouttheCenterAr": "About the Center Ar",
  "PresentingScientificResearchEn": "Presenting Scientific Research En",
  "PresentingScientificResearchAr": "Presenting Scientific Research Ar",
  "ResearchAreas": "Research Areas",
  "ResearchAreaEn": "Research Area En",
  "ResearchAreaAr": "Research Area Ar",
  "PresentationsList": "Presentations List",
  "SearchNameEn": "SearchNameEn",
  "SearchNameAr": "SearchNameAr",
  "ResearchArea": "Research Area",
  "Actions": "Actions"
}
